N,Tempo_Gradiente_ms,Tempo_Residuo_ms
32,0.00058439732,0.00067996979
64,0.001132803,0.0011099577
