N,Tempo_Gradiente_ms,Tempo_Residuo_ms
32,0.00080012001,0.00091200043
64,0.0016238,0.0016360004
128,0.0032554,0.0029480001
256,0.00671024,0.0056649996
512,0.01339048,0.01093
1000,0.02670656,0.021160999
2000,0.05425144,0.042411
4000,0.06467664,0.048205
8000,0.0930854,0.070756
9000,0.10646624,0.079046
10000,0.11676132,0.101061
20000,0.24434188,0.179034
